Participant ID,group
f1ef41ae-3585-4786-97c0-c0aca47bc7a3,3
3e94a441-4974-485b-9a8b-18ed47fbcc60,6
813bac98-1b96-4ce8-ae0b-bff745640a3d,1
5bda2227-c629-4f13-bf9f-92574ccad379,5
bf83eaa3-3128-4a20-b3bd-e2be236c19ea,24
69a6c683-dfdd-46b6-a2fa-59f1fde01593,16
ff22638b-3f0f-4d20-a3a5-b9fc6e102a5d,35
600f3bb4-364f-46ac-95bb-8d2ae793afc8,12
dbfc7b25-1471-4319-b08c-051d74cbf90b,30
24bb3d04-270f-48d3-9765-7a2e0e6fef0a,10
7036b222-57b9-464e-8709-976089c04146,2
9a1a6201-cc9b-4dab-b176-b05198768417,0
285f544d-c081-4ffc-9c40-2d14be1c31ab,29
edabc453-7c24-4ecd-ac0d-6944cec1ec74,25
d851d192-e619-4d33-b0d4-52bfe39d2ebb,32
d9410208-a407-4b8e-a332-b0cc18c7d847,34
065c3b41-faa1-402d-b393-8109b3676256,18
8730930f-ac1d-4e4e-a920-9708d8c3ae76,6
3bb5c915-33e4-4e56-8e70-7bf8ac2982c5,7
a3825e37-6f3a-4f6e-9bdc-cd4fdf1997cd,23
337aed31-7b71-4b69-8eef-531fba2dc829,3
d8576bf6-f1fb-4df4-acdf-793790bc2e3a,15
48df84ca-7961-4a62-affa-ffc3f9cf148e,9
a059b719-8b62-499b-add2-d77ab22fc281,31
7833298c-784a-47a7-9e7f-0db3810bfc2f,1
d8e95ea4-ffd1-4857-81d7-cfc93e36323e,26
b47ee30e-e200-47ae-b669-ea8b7904c2ef,21
7a39ae57-187f-47ba-beff-2703249f9321,12
22f02803-bcc8-40ca-ba95-262e3f1fbd53,14
9f1b422a-0cb0-49ab-b0f6-1ddb5dff5f32,1
48799f5f-d32b-4444-8f8a-4437058333b5,25
6d0f807b-afd4-402b-84eb-9eec6de2c0de,21
3672c55d-cad1-4751-8c6a-f0c52693aaa3,9
fa8e96f6-ccbd-4ba1-b975-6cd8906649ff,15
1e1b0c4f-0558-4cae-a217-63ba1a6bce90,34
94f5ab91-2024-4f00-9a7e-c515638636b1,33
9a4c6c57-fd4c-4404-a4ca-ebdb16b2b62c,25
66ed192a-b128-4d6d-8a9d-c0820fa9dd6a,0
f0bdeb82-1921-42ad-868d-4fb34a799272,22
275b3c7a-25cf-402b-a285-82f1abc5d66b,3
150fafeb-b9d9-4019-bae2-33364a4b5224,25
7469c1af-f68e-4c2f-99ad-70d05a14dea6,9
091324ec-4cca-49f7-b8d2-5489876a96b8,26
be3faf98-4d1b-4292-80e7-4e1fcf7af5b7,3
b7f06305-8f13-4c84-98a0-0cdfec358a2d,15
bb7705db-5554-451d-8ab6-e29a74076892,36
80301956-2362-4ec1-b6f9-76f602b0d4ec,8
314ef79f-3451-4d59-bfba-1d81e069a5f9,25
d122d8e1-5e4e-4cda-8a4d-e9df8b7fba06,4
b029b586-231a-4475-9411-65cd59279747,35
372a4c78-3518-480d-a7a8-2f25c6767741,34
e383690d-9d8b-44bb-9ecf-4f956d5e6ef6,2
831396b4-53c8-49f5-91ad-9accc2f1f118,21
12cbbfe8-be27-4209-bd64-fcb6e1f5d60d,2
98da2b09-8f81-4efe-9098-0e22303f8c74,8
655c787d-8cfe-474c-8861-4fea93a534ce,33
599449a9-5028-4d7f-a820-9571de8812e6,8
0d788adf-3314-446c-860a-3790c327805f,19
c63b3bac-bf39-47a3-b841-7755d990b79a,31
cac76856-4399-432a-ba8a-e3bd67347166,24
de7834a7-76ef-44e2-a50d-cecfed76254f,1
af707f23-983f-4ac8-ba8b-9297e0fc5817,17
6e70cbb9-e67d-4abd-a163-a8a71005fea5,33
5dd6bf1b-9667-4255-8cf4-e3840d01efad,7
e0e22cbe-3956-4da7-bb6f-30c3135ebfe1,13
aa65ba18-874e-413b-a910-f3f93f200b38,21
6c978cf1-fe04-4a0f-9c37-c862b6f7f15e,31
c5991c2e-c383-4666-ae9f-d3542b4d548d,16
d69c05e7-acfd-42c5-bcc4-dee36d689d8a,27
fc1e519c-2834-49f7-bb1f-d05e7e6d0886,8
5c178241-025e-4dc3-a669-8545ecac855f,9
dbb68fc1-a6a3-47c9-8558-3854c702b348,27
1ffa5e58-a537-4a1a-9232-e4b6d0619199,24
0b6cd817-478e-41ed-9840-3f0f66302fd0,19
a642c3c9-3bd2-4f5d-b86e-14655df84651,36
3177df1d-c8ef-424f-bc1e-91bc1305409c,14
3c28c506-c101-4a43-abbf-16ba2323c79c,34
f8745840-7190-4eb4-9ef5-c1a8f002025b,31
50fca626-b8fb-4deb-9938-48b27e45d996,11
3f9531b3-f36f-4ca3-93a3-4732ca5cd0a5,1
7160b0e1-4cd9-4de1-9c90-dd7e4a82537f,3
2d8b6159-2857-458c-be87-e23fd3742f2f,25
e478f9df-0742-46cd-8002-53a5d9e91524,33
6dda4ad9-9a3a-4434-979c-375aa6a20ae5,30
33d574d4-9f28-46e8-b9d3-f797f35ebb2f,17
27d35940-62a2-424f-98ff-6d1770296521,5
c2a9abd6-2e15-4b14-82af-996c539c11c4,13
bae4b9a3-cc2e-418b-8e69-848f4a6d85db,7
a3aac9d8-7c77-4066-bba8-1035740cd76b,20
43c672f2-8eb7-4a58-baa8-02f4e75ce0e8,37
e1fb9c4f-2fdf-46c4-8f3b-30f52530ae6f,20
c8ad9821-845d-4d55-8779-dd78195ac952,36
7909b43d-fc55-42ea-a8bc-9781259c50be,17
ec535f82-b8aa-4c57-b4c0-4d72d136426b,29
76c2df64-0ae0-4bfa-be3d-82b72d324071,30
4a8c7b0c-6bb0-40a9-ab9c-5d3be94d934d,37
6637ec8d-69ef-4c45-a31f-d5443602a921,10
b178c433-227c-4f0f-a304-bc4d07933421,28
ed796ddc-2c5d-42b4-b988-c6f3b88b7ad8,31
0870e813-485c-4792-b551-e0299059e451,26
ad9bb72d-73e6-446a-a98f-c743d1a37cb5,8
404ac463-2e59-4e1f-9136-7db15f4a45ae,35
6297a4db-38c4-44ec-a687-399d611fc32c,36
fdbadde6-151b-4db1-af01-5696f43a2ef8,28
2e8f76a4-508c-4b5e-a4e3-ceb77abe3b0c,12
2f532d53-4875-4574-8a9d-6346b1bf814c,7
4b72e850-f16b-41e4-9f8b-c31eb05fba7b,14
a769f586-1017-47b5-b86d-e65a2381c07a,35
ea67de1b-8d6f-4a6e-88b0-e53dc559e727,28
6e74273c-f542-45c2-b496-f60298d0d65f,34
6a599df1-99e7-4e2a-b26d-d93d82ad4719,22
8e0d6ea3-b822-41db-b6b9-ec1422027292,23
d564dbe1-f77a-428e-85f3-1a54c12287bb,4
c2c4bd16-39be-46ad-9c25-5cc70a713701,33
b0d1e757-955c-418b-8aff-f78bc749e4ea,26
a8140ba2-f4bc-4394-a31e-74e66262e8d5,31
e5d41b4f-826e-4f70-b3f6-ab182ffd5ae5,20
0a7f1dfe-0cde-440b-b496-48b37ba50920,35
ce9f06a3-ad8e-461f-8b54-7e45dcc3e25d,7
e2305bc3-e2ac-42bc-949d-e36727fd7f14,11
5fd4f251-4d7d-4f30-a453-2ca33b1a349f,22
4e307f78-6cab-48a7-b201-e57c5bb1c4e2,4
89ccffa5-0db0-45ce-9fad-528f2a67eb92,32
c61f9757-8d3b-4151-ac85-93b464ccb9b4,26
766520c8-4936-472e-9418-5a719262c839,30
585068bb-7c6e-46de-a543-5fe6716eebb6,18
6d96bb79-84a8-4e6b-96c2-49736a955723,12
7a68c4d0-d730-4717-9d78-7c91a95722d4,6
9f9435b5-1a59-4ffe-aa00-100f436309b4,11
a9608594-134f-4764-a1e7-68d07957a516,0
785b5575-44d4-459e-88f4-084b616567de,18
e56253ae-a15b-4ad9-81b3-8ef4603ed069,28
7760a548-c6ea-4f1e-b7b0-aa6f33370b5a,30
117e7fe2-0366-43d8-8b06-a4e99c44238b,1
6d47e918-a328-4f69-b6a3-bfdbfcc73c96,4
ace850e0-c41b-4aa8-a85f-ab3a711de77d,17
52212d8a-1ca1-4683-ac8f-2b6020e59c74,5
20cb8505-5a52-46a3-ac7f-b70eb55c45d7,24
72d3fce4-0575-48d9-a18a-1e8c193a6c6f,14
488fe7f5-09bf-46e1-8eba-d2593286c44c,10
520ca2f4-b81e-4073-bdbb-845350d4cc10,16
a3714d4c-d1de-4a07-93eb-0485a76daa44,37
2b970c6a-0af4-4bca-aecf-90144668d6f7,22
5a79e330-0795-440c-9347-9ed506f2d39e,18
0431915e-83d0-4f80-849b-e3cb316d0463,19
601e0b5c-80de-4cea-9174-8a7a42026698,34
72a7e657-42af-4db5-802b-872c91391b5f,9
73f1955b-e88e-4ef4-84ea-ecc7eb2cdf67,2
06bac18f-c9db-4a0d-83f3-ed277cecf39a,27
34964364-5296-432b-80db-c8120ea3c5d0,11
baa1ab35-1bfd-47e0-b13e-8765e841efec,27
17201971-5ebf-408f-acc7-9aea57eb4aca,37
31839878-fcc9-4c5e-9fff-ad42e9d932e2,15
22523580-97a4-43c9-a683-1cea5de379e6,8
9d49bcda-08c3-4f20-a4a5-f3324a835e72,36
d068bd53-215b-4334-a050-7f670b590cae,4
87d49ed8-7e92-4cb8-8e50-0578f15f77ed,12
646e1b46-dea3-4010-a1ed-84be2d63144f,8
3a3df8b8-29c0-44bf-a4aa-6c40cb740d27,16
4f9c6e6b-4551-4e5f-89f2-1e9a342d8037,27
f04860ea-3c90-4df9-a91c-3df18f2f4019,17
02a8c647-3a77-4737-8583-13bd38fa3639,10
d5a2ccb1-4dbe-404d-b2fd-25e7923d2af8,19
6bcdacfa-9929-4f54-a9ca-c88114263f50,32
7f02a2e3-77f2-4cc9-884b-25aef268f606,26
0feaea63-0231-49a3-8c86-be785111c090,19
324a1ac3-a58f-4de6-8f29-e3af3fe592b2,2
b61815a7-2a74-4f89-831b-f6ebe9f4e878,36
d0d8a0dc-ed6f-4a6b-ae4a-2f4f008a33e8,8
c55043be-5030-4b6f-b91a-fa24ce9abb18,0
c744e790-0fbb-468f-bdc3-5af787440cf9,26
c032e99b-47ad-418f-bccb-fff0ff4e65bd,23
ac43c563-37d4-498e-b886-224b286942fb,32
7d8398aa-0469-4012-acca-336af80969cb,15
3c2e0657-1564-47bb-94fb-6d87657e16d6,23
7289c7bc-48fb-47e7-86d5-a0b3b70db18c,32
c90e4f05-e600-44e0-92bb-546241337027,7
b053c3f9-0427-4ce2-a8c9-62e694f8a864,16
2cc5f2e7-7f7e-410f-ab45-cf770f39ee34,29
19b6c4a0-8431-467b-a4c9-540a656c6cae,7
8a4b27e7-203e-45a9-bf75-afbea07a180a,34
1a565cee-5371-4188-9de0-953d693990fa,13
04ffe2e9-bc5f-4356-87ed-d77e580038d7,12
e32ee25f-301b-4732-a2fd-b28fa3629a42,3
99cbdd3c-1797-444d-b2a7-7053edb5f19a,28
72b42dbe-9488-4b71-b1bc-76c2abc1dc56,37
7fce59dc-aeb1-44a9-83f5-f3010584ee6c,24
147f512b-bddd-4efd-a79a-f2ce2a7437fb,2
a39f1747-f97e-4de7-b412-3363018b003c,23
60e72c9b-a679-42aa-b012-cffc6f07d105,5
b2806272-2a09-4957-83ac-28269cba1e79,32
10e8d29a-cf79-4913-940b-e67eec636b01,29
0cc155a6-4ba9-4ee2-8058-f58ca2c8127b,25
b47a1cf5-0970-4f15-9faf-3a8284eb2cc4,11
0b97fc7e-2910-4fcd-9b3b-27443373f5a6,23
e07d7045-9538-44c6-90df-fce749ecb537,29
0b190caa-0aa2-4b25-ac81-3ee0f921d70d,27
b45894cb-41f6-49ab-9fb2-47c28bf5000e,24
1477df75-07df-4c6f-85af-1267ec0d3d75,23
1b6b8679-0ebc-48de-bfa4-21e151b49c61,5
0de77d5b-82cc-4354-b36f-94b522d4e42b,0
99e98db2-bb4e-4d41-993d-6c4b555e4697,24
25d0c660-260d-4b58-b46f-ceebe809afc4,22
ba1ef096-a6b3-4d7d-b417-3a61316fa7f2,16
123c2b82-5f41-44e3-9a24-84ed2c331478,28
3a3ae314-5da2-4d9d-8014-d21e7ba48264,31
8b6b5bf8-a4f6-4c80-a129-0f2497d03cb8,0
b240c1c4-6cdb-42cd-9033-817bd0a4c26c,20
29f31bff-d4b3-4d63-b41c-41aba6b596a5,26
a5ef0a84-7636-4b74-acad-a6994dc51930,29
418f1e79-fc3c-40ec-8cbb-d4e5c3974446,20
79dfd895-19f9-4566-8b2c-dbc7e254fa1d,25
d28d7fea-6649-4b07-98e7-11101bc0210c,5
144e9438-6843-412e-9d8d-09e00221a413,11
2dbd7354-fae7-4ced-a80d-915e5e24df55,31
7b7363ef-2b68-40f9-a792-3424878a1fad,16
7cda46a2-067e-43d8-a6f0-6771643f0d3a,28
967d53ed-e830-4cfb-bf37-37865e509fe5,1
cedefb50-a905-437a-83b3-ee7db924eb80,21
7b3c24ce-7d32-424a-8551-2f492b065897,3
0608890a-5c39-400b-b25b-8907d6cf5f43,36
70736bed-7374-49cb-9794-5d1d2b974b62,10
bddabefe-b026-4e86-8ae6-492de9a5c2b1,12
71898c0a-7774-4a8d-9599-a431de36c014,27
077b6254-bd3f-4788-b802-856c69d0d728,30
77aa3587-c775-49b3-8b25-e555cdcb1500,28
19003079-ca3a-44eb-8fb4-e52b6af8f188,18
0924bae0-a537-422d-8cab-7e1e192dc8fc,15
94d4058b-79d8-4fd4-93f1-af7c486deec9,32
fbf601f1-6c83-44d0-ba76-121811c0a3f9,22
761b4612-6715-4332-b3e2-7236f7b7bf5f,13
fe17d959-1782-4f39-ab1d-037d990a80ff,15
59f70b14-3a18-4d8f-8181-502f37f52f09,14
1364cc04-b115-4d61-8848-e1852752e5ea,14
75fd2fdf-c4ea-4f52-99ad-d86ba270c470,22
05381a74-fb6f-4c69-8afd-b9d67457ffad,29
f3329e0d-3348-49ab-a768-fcc99b228718,23
21ad03f3-5e99-4bfd-9696-7a6bd2df425d,37
6bf674cb-fed4-469f-900e-d6ed30cb65d0,15
5677ad77-3820-49b5-919b-d79106520f42,10
cfc14694-8d9d-45ee-b992-838c1caba85d,30
c78338fa-cb67-4e93-8037-0187ce7aa1ce,3
d28caf10-151c-4d6e-85d2-6808ddbb4915,27
6a35e155-93f2-4711-aa54-bec8f0550580,13
118e9d8b-15a4-408f-903c-79779413b69c,19
85e2e558-233a-450f-89ff-f07a6cd9c462,10
7ceb2e9e-b3b1-4a91-a148-7291b4736485,13
b395d2e2-a74d-4a44-bc9c-e821ee27dca9,20
95458155-60df-422c-85d3-895b132b7046,12
1904a94a-d162-4ecb-b73d-d034cead9ea0,21
c861b5a6-9b0d-4589-a29b-289b55d434cd,9
2db95681-cab6-475f-a60b-4d94ec513e28,21
d048526c-42c9-4aff-a6bc-c701a192a4fb,7
877bb35d-6d1e-47a4-9335-d73c2d6f7109,2
b26ab7c4-4ff6-43e1-aeda-8ff42e1f0811,24
f8df5b26-d6d7-4e15-a181-62666d5567c9,33
d9ec2bf3-7272-42a6-beaf-b95120eddec0,33
10506ff1-fab5-4d25-b978-43e06fa9469f,37
29761ba6-0d2b-4fbc-9a54-0f475327a88f,6
f94df4c2-9888-484b-9012-fdf52a75eaf2,22
eba2073a-a611-4873-8148-7c43b745a1e8,14
42c99ff6-c0ea-48a9-8692-281af16a9611,35
1cd1508b-c162-4e8a-93d3-817d56423794,18
fee247c5-70c8-4b51-b7b9-3f9d0185a281,4
be1f316d-8d60-43ee-9b54-ba5291037939,30
1f8dc87d-f6d8-4a54-b9da-5258e16fc29c,6
6982c3f3-913b-4584-8b58-675d7f892124,13
1574e246-109e-4cef-99f6-95ab3833e780,11
97fbcb24-de60-4586-a42e-5a6ab6247ac7,0
1b705e98-e982-4795-bf4c-b27efc0e5d00,10
eb6b8803-b6b7-48b3-bb57-b59bab8896ba,18
d9565cae-ee90-4bf4-9d5e-83c4ffe08b95,9
1d776dc0-88ab-4379-81fb-dba47ef06bdd,32
3985b011-eaa3-4ef5-97c0-b58715771028,18
120d3e52-1fbb-4ca3-a2e7-577f2347e910,14
eaab1e20-c89e-4391-ad41-35571c61e5c5,20
cd1d39ce-4aec-461a-b0f6-e4cee35626e1,16
bca921f4-077e-412f-a159-d28742b8e103,20
b5b5a421-b13d-40b7-ba18-fdf19916c03f,6
da8a5684-ac99-4e0b-b094-79c1e01cf9c8,0
408dd094-2cde-4260-a915-aedbd3f700cf,5
10ca4551-200f-485d-81ca-a09e3fae604a,36
b1314cd5-0751-48b3-83fa-e7ee7cc916c6,11
a0b97ae0-6072-4409-a1e3-f67749af0bea,9
34346259-711b-40e5-a7eb-c1cf73bd22c0,13
99a7bc4e-3239-4688-a14a-605fb6b38298,21
e878fdf8-feba-4a56-8532-772f028287ff,6
a2147b25-e397-4142-a602-5b653e725d12,5
46901c81-9b72-4f62-9c58-ca5cad5fddd2,17
3e112252-f2fc-4f8b-9d7c-e2f682ca6125,17
19de0846-e9ee-4896-b8ab-0e7f0cc365b9,33
fd07520b-280a-4aaa-ba69-fac2d16a29d4,35
d7035714-126e-4ce8-9e61-04332888b972,4
58804335-e418-4c76-975d-bda2c64ee0cf,29
72a72c4d-c657-4455-b879-44f1c96be38c,4
39792ad1-ce3d-4f3a-ab7b-d47ff8d70705,19
329ef744-5a03-45e5-afeb-3bcdcec81494,37
ed7c0af8-34a2-43e5-9bde-b210b0750738,34
395b89c0-01e1-4818-ab5a-84d2cc964d78,35
7b844d62-10e2-4641-b11b-43327a66dfd5,17
17c15c6e-984b-45d4-aa10-0c99be35d500,1
d0dc3749-f109-40a7-8f10-c5e161fb3bae,2
6a1d4587-e748-4304-b5db-e5cdf17eba1b,6
33f4746c-ef39-41d4-b0aa-5c396243fa3f,19
